,id,url,repository_url,labels_url,user
0,1206370745,https://api.github.com/repos/pandas-dev/pandas/issues/46793,https://api.github.com/repos/pandas-dev/pandas,https://api.github.com/repos/pandas-dev/pandas/issues/46793/labels{/name},"{'login': 'datapythonista', 'id': 10058240, 'node_id': 'MDQ6VXNlcjEwMDU4MjQw', 'avatar_url': 'https://avatars.githubusercontent.com/u/10058240?v=4', 'gravatar_id': '', 'url': 'https://api.github.com/users/datapythonista', 'html_url': 'https://github.com/datapythonista', 'followers_url': 'https://api.github.com/users/datapythonista/followers', 'following_url': 'https://api.github.com/users/datapythonista/following{/other_user}', 'gists_url': 'https://api.github.com/users/datapythonista/gists{/gist_id}', 'starred_url': 'https://api.github.com/users/datapythonista/starred{/owner}{/repo}', 'subscriptions_url': 'https://api.github.com/users/datapythonista/subscriptions', 'organizations_url': 'https://api.github.com/users/datapythonista/orgs', 'repos_url': 'https://api.github.com/users/datapythonista/repos', 'events_url': 'https://api.github.com/users/datapythonista/events{/privacy}', 'received_events_url': 'https://api.github.com/users/datapythonista/received_events', 'type': 'User', 'site_admin': False}"
1,1206301209,https://api.github.com/repos/pandas-dev/pandas/issues/46792,https://api.github.com/repos/pandas-dev/pandas,https://api.github.com/repos/pandas-dev/pandas/issues/46792/labels{/name},"{'login': 'lorentzbao', 'id': 19342156, 'node_id': 'MDQ6VXNlcjE5MzQyMTU2', 'avatar_url': 'https://avatars.githubusercontent.com/u/19342156?v=4', 'gravatar_id': '', 'url': 'https://api.github.com/users/lorentzbao', 'html_url': 'https://github.com/lorentzbao', 'followers_url': 'https://api.github.com/users/lorentzbao/followers', 'following_url': 'https://api.github.com/users/lorentzbao/following{/other_user}', 'gists_url': 'https://api.github.com/users/lorentzbao/gists{/gist_id}', 'starred_url': 'https://api.github.com/users/lorentzbao/starred{/owner}{/repo}', 'subscriptions_url': 'https://api.github.com/users/lorentzbao/subscriptions', 'organizations_url': 'https://api.github.com/users/lorentzbao/orgs', 'repos_url': 'https://api.github.com/users/lorentzbao/repos', 'events_url': 'https://api.github.com/users/lorentzbao/events{/privacy}', 'received_events_url': 'https://api.github.com/users/lorentzbao/received_events', 'type': 'User', 'site_admin': False}"
2,1206170540,https://api.github.com/repos/pandas-dev/pandas/issues/46791,https://api.github.com/repos/pandas-dev/pandas,https://api.github.com/repos/pandas-dev/pandas/issues/46791/labels{/name},"{'login': 'ehariri', 'id': 21693509, 'node_id': 'MDQ6VXNlcjIxNjkzNTA5', 'avatar_url': 'https://avatars.githubusercontent.com/u/21693509?v=4', 'gravatar_id': '', 'url': 'https://api.github.com/users/ehariri', 'html_url': 'https://github.com/ehariri', 'followers_url': 'https://api.github.com/users/ehariri/followers', 'following_url': 'https://api.github.com/users/ehariri/following{/other_user}', 'gists_url': 'https://api.github.com/users/ehariri/gists{/gist_id}', 'starred_url': 'https://api.github.com/users/ehariri/starred{/owner}{/repo}', 'subscriptions_url': 'https://api.github.com/users/ehariri/subscriptions', 'organizations_url': 'https://api.github.com/users/ehariri/orgs', 'repos_url': 'https://api.github.com/users/ehariri/repos', 'events_url': 'https://api.github.com/users/ehariri/events{/privacy}', 'received_events_url': 'https://api.github.com/users/ehariri/received_events', 'type': 'User', 'site_admin': False}"
3,1206164359,https://api.github.com/repos/pandas-dev/pandas/issues/46790,https://api.github.com/repos/pandas-dev/pandas,https://api.github.com/repos/pandas-dev/pandas/issues/46790/labels{/name},"{'login': 'mosc9575', 'id': 68053396, 'node_id': 'MDQ6VXNlcjY4MDUzMzk2', 'avatar_url': 'https://avatars.githubusercontent.com/u/68053396?v=4', 'gravatar_id': '', 'url': 'https://api.github.com/users/mosc9575', 'html_url': 'https://github.com/mosc9575', 'followers_url': 'https://api.github.com/users/mosc9575/followers', 'following_url': 'https://api.github.com/users/mosc9575/following{/other_user}', 'gists_url': 'https://api.github.com/users/mosc9575/gists{/gist_id}', 'starred_url': 'https://api.github.com/users/mosc9575/starred{/owner}{/repo}', 'subscriptions_url': 'https://api.github.com/users/mosc9575/subscriptions', 'organizations_url': 'https://api.github.com/users/mosc9575/orgs', 'repos_url': 'https://api.github.com/users/mosc9575/repos', 'events_url': 'https://api.github.com/users/mosc9575/events{/privacy}', 'received_events_url': 'https://api.github.com/users/mosc9575/received_events', 'type': 'User', 'site_admin': False}"
4,1206141718,https://api.github.com/repos/pandas-dev/pandas/issues/46789,https://api.github.com/repos/pandas-dev/pandas,https://api.github.com/repos/pandas-dev/pandas/issues/46789/labels{/name},"{'login': 'shyamsantoki', 'id': 56479219, 'node_id': 'MDQ6VXNlcjU2NDc5MjE5', 'avatar_url': 'https://avatars.githubusercontent.com/u/56479219?v=4', 'gravatar_id': '', 'url': 'https://api.github.com/users/shyamsantoki', 'html_url': 'https://github.com/shyamsantoki', 'followers_url': 'https://api.github.com/users/shyamsantoki/followers', 'following_url': 'https://api.github.com/users/shyamsantoki/following{/other_user}', 'gists_url': 'https://api.github.com/users/shyamsantoki/gists{/gist_id}', 'starred_url': 'https://api.github.com/users/shyamsantoki/starred{/owner}{/repo}', 'subscriptions_url': 'https://api.github.com/users/shyamsantoki/subscriptions', 'organizations_url': 'https://api.github.com/users/shyamsantoki/orgs', 'repos_url': 'https://api.github.com/users/shyamsantoki/repos', 'events_url': 'https://api.github.com/users/shyamsantoki/events{/privacy}', 'received_events_url': 'https://api.github.com/users/shyamsantoki/received_events', 'type': 'User', 'site_admin': False}"
5,1205872267,https://api.github.com/repos/pandas-dev/pandas/issues/46786,https://api.github.com/repos/pandas-dev/pandas,https://api.github.com/repos/pandas-dev/pandas/issues/46786/labels{/name},"{'login': 'twoertwein', 'id': 6618166, 'node_id': 'MDQ6VXNlcjY2MTgxNjY=', 'avatar_url': 'https://avatars.githubusercontent.com/u/6618166?v=4', 'gravatar_id': '', 'url': 'https://api.github.com/users/twoertwein', 'html_url': 'https://github.com/twoertwein', 'followers_url': 'https://api.github.com/users/twoertwein/followers', 'following_url': 'https://api.github.com/users/twoertwein/following{/other_user}', 'gists_url': 'https://api.github.com/users/twoertwein/gists{/gist_id}', 'starred_url': 'https://api.github.com/users/twoertwein/starred{/owner}{/repo}', 'subscriptions_url': 'https://api.github.com/users/twoertwein/subscriptions', 'organizations_url': 'https://api.github.com/users/twoertwein/orgs', 'repos_url': 'https://api.github.com/users/twoertwein/repos', 'events_url': 'https://api.github.com/users/twoertwein/events{/privacy}', 'received_events_url': 'https://api.github.com/users/twoertwein/received_events', 'type': 'User', 'site_admin': False}"
6,1205849324,https://api.github.com/repos/pandas-dev/pandas/issues/46785,https://api.github.com/repos/pandas-dev/pandas,https://api.github.com/repos/pandas-dev/pandas/issues/46785/labels{/name},"{'login': 'ben-feldstein', 'id': 68446210, 'node_id': 'MDQ6VXNlcjY4NDQ2MjEw', 'avatar_url': 'https://avatars.githubusercontent.com/u/68446210?v=4', 'gravatar_id': '', 'url': 'https://api.github.com/users/ben-feldstein', 'html_url': 'https://github.com/ben-feldstein', 'followers_url': 'https://api.github.com/users/ben-feldstein/followers', 'following_url': 'https://api.github.com/users/ben-feldstein/following{/other_user}', 'gists_url': 'https://api.github.com/users/ben-feldstein/gists{/gist_id}', 'starred_url': 'https://api.github.com/users/ben-feldstein/starred{/owner}{/repo}', 'subscriptions_url': 'https://api.github.com/users/ben-feldstein/subscriptions', 'organizations_url': 'https://api.github.com/users/ben-feldstein/orgs', 'repos_url': 'https://api.github.com/users/ben-feldstein/repos', 'events_url': 'https://api.github.com/users/ben-feldstein/events{/privacy}', 'received_events_url': 'https://api.github.com/users/ben-feldstein/received_events', 'type': 'User', 'site_admin': False}"
7,1205765682,https://api.github.com/repos/pandas-dev/pandas/issues/46784,https://api.github.com/repos/pandas-dev/pandas,https://api.github.com/repos/pandas-dev/pandas/issues/46784/labels{/name},"{'login': 'vruthik', 'id': 59946643, 'node_id': 'MDQ6VXNlcjU5OTQ2NjQz', 'avatar_url': 'https://avatars.githubusercontent.com/u/59946643?v=4', 'gravatar_id': '', 'url': 'https://api.github.com/users/vruthik', 'html_url': 'https://github.com/vruthik', 'followers_url': 'https://api.github.com/users/vruthik/followers', 'following_url': 'https://api.github.com/users/vruthik/following{/other_user}', 'gists_url': 'https://api.github.com/users/vruthik/gists{/gist_id}', 'starred_url': 'https://api.github.com/users/vruthik/starred{/owner}{/repo}', 'subscriptions_url': 'https://api.github.com/users/vruthik/subscriptions', 'organizations_url': 'https://api.github.com/users/vruthik/orgs', 'repos_url': 'https://api.github.com/users/vruthik/repos', 'events_url': 'https://api.github.com/users/vruthik/events{/privacy}', 'received_events_url': 'https://api.github.com/users/vruthik/received_events', 'type': 'User', 'site_admin': False}"
8,1205740295,https://api.github.com/repos/pandas-dev/pandas/issues/46783,https://api.github.com/repos/pandas-dev/pandas,https://api.github.com/repos/pandas-dev/pandas/issues/46783/labels{/name},"{'login': 'charlesbluca', 'id': 20627856, 'node_id': 'MDQ6VXNlcjIwNjI3ODU2', 'avatar_url': 'https://avatars.githubusercontent.com/u/20627856?v=4', 'gravatar_id': '', 'url': 'https://api.github.com/users/charlesbluca', 'html_url': 'https://github.com/charlesbluca', 'followers_url': 'https://api.github.com/users/charlesbluca/followers', 'following_url': 'https://api.github.com/users/charlesbluca/following{/other_user}', 'gists_url': 'https://api.github.com/users/charlesbluca/gists{/gist_id}', 'starred_url': 'https://api.github.com/users/charlesbluca/starred{/owner}{/repo}', 'subscriptions_url': 'https://api.github.com/users/charlesbluca/subscriptions', 'organizations_url': 'https://api.github.com/users/charlesbluca/orgs', 'repos_url': 'https://api.github.com/users/charlesbluca/repos', 'events_url': 'https://api.github.com/users/charlesbluca/events{/privacy}', 'received_events_url': 'https://api.github.com/users/charlesbluca/received_events', 'type': 'User', 'site_admin': False}"
9,1204923030,https://api.github.com/repos/pandas-dev/pandas/issues/46779,https://api.github.com/repos/pandas-dev/pandas,https://api.github.com/repos/pandas-dev/pandas/issues/46779/labels{/name},"{'login': 'andjhall', 'id': 77794567, 'node_id': 'MDQ6VXNlcjc3Nzk0NTY3', 'avatar_url': 'https://avatars.githubusercontent.com/u/77794567?v=4', 'gravatar_id': '', 'url': 'https://api.github.com/users/andjhall', 'html_url': 'https://github.com/andjhall', 'followers_url': 'https://api.github.com/users/andjhall/followers', 'following_url': 'https://api.github.com/users/andjhall/following{/other_user}', 'gists_url': 'https://api.github.com/users/andjhall/gists{/gist_id}', 'starred_url': 'https://api.github.com/users/andjhall/starred{/owner}{/repo}', 'subscriptions_url': 'https://api.github.com/users/andjhall/subscriptions', 'organizations_url': 'https://api.github.com/users/andjhall/orgs', 'repos_url': 'https://api.github.com/users/andjhall/repos', 'events_url': 'https://api.github.com/users/andjhall/events{/privacy}', 'received_events_url': 'https://api.github.com/users/andjhall/received_events', 'type': 'User', 'site_admin': False}"
10,1204912401,https://api.github.com/repos/pandas-dev/pandas/issues/46778,https://api.github.com/repos/pandas-dev/pandas,https://api.github.com/repos/pandas-dev/pandas/issues/46778/labels{/name},"{'login': 'andjhall', 'id': 77794567, 'node_id': 'MDQ6VXNlcjc3Nzk0NTY3', 'avatar_url': 'https://avatars.githubusercontent.com/u/77794567?v=4', 'gravatar_id': '', 'url': 'https://api.github.com/users/andjhall', 'html_url': 'https://github.com/andjhall', 'followers_url': 'https://api.github.com/users/andjhall/followers', 'following_url': 'https://api.github.com/users/andjhall/following{/other_user}', 'gists_url': 'https://api.github.com/users/andjhall/gists{/gist_id}', 'starred_url': 'https://api.github.com/users/andjhall/starred{/owner}{/repo}', 'subscriptions_url': 'https://api.github.com/users/andjhall/subscriptions', 'organizations_url': 'https://api.github.com/users/andjhall/orgs', 'repos_url': 'https://api.github.com/users/andjhall/repos', 'events_url': 'https://api.github.com/users/andjhall/events{/privacy}', 'received_events_url': 'https://api.github.com/users/andjhall/received_events', 'type': 'User', 'site_admin': False}"
11,1204378879,https://api.github.com/repos/pandas-dev/pandas/issues/46776,https://api.github.com/repos/pandas-dev/pandas,https://api.github.com/repos/pandas-dev/pandas/issues/46776/labels{/name},"{'login': 'simonjayhawkins', 'id': 13159005, 'node_id': 'MDQ6VXNlcjEzMTU5MDA1', 'avatar_url': 'https://avatars.githubusercontent.com/u/13159005?v=4', 'gravatar_id': '', 'url': 'https://api.github.com/users/simonjayhawkins', 'html_url': 'https://github.com/simonjayhawkins', 'followers_url': 'https://api.github.com/users/simonjayhawkins/followers', 'following_url': 'https://api.github.com/users/simonjayhawkins/following{/other_user}', 'gists_url': 'https://api.github.com/users/simonjayhawkins/gists{/gist_id}', 'starred_url': 'https://api.github.com/users/simonjayhawkins/starred{/owner}{/repo}', 'subscriptions_url': 'https://api.github.com/users/simonjayhawkins/subscriptions', 'organizations_url': 'https://api.github.com/users/simonjayhawkins/orgs', 'repos_url': 'https://api.github.com/users/simonjayhawkins/repos', 'events_url': 'https://api.github.com/users/simonjayhawkins/events{/privacy}', 'received_events_url': 'https://api.github.com/users/simonjayhawkins/received_events', 'type': 'User', 'site_admin': False}"
12,1204039393,https://api.github.com/repos/pandas-dev/pandas/issues/46774,https://api.github.com/repos/pandas-dev/pandas,https://api.github.com/repos/pandas-dev/pandas/issues/46774/labels{/name},"{'login': 'mroeschke', 'id': 10647082, 'node_id': 'MDQ6VXNlcjEwNjQ3MDgy', 'avatar_url': 'https://avatars.githubusercontent.com/u/10647082?v=4', 'gravatar_id': '', 'url': 'https://api.github.com/users/mroeschke', 'html_url': 'https://github.com/mroeschke', 'followers_url': 'https://api.github.com/users/mroeschke/followers', 'following_url': 'https://api.github.com/users/mroeschke/following{/other_user}', 'gists_url': 'https://api.github.com/users/mroeschke/gists{/gist_id}', 'starred_url': 'https://api.github.com/users/mroeschke/starred{/owner}{/repo}', 'subscriptions_url': 'https://api.github.com/users/mroeschke/subscriptions', 'organizations_url': 'https://api.github.com/users/mroeschke/orgs', 'repos_url': 'https://api.github.com/users/mroeschke/repos', 'events_url': 'https://api.github.com/users/mroeschke/events{/privacy}', 'received_events_url': 'https://api.github.com/users/mroeschke/received_events', 'type': 'User', 'site_admin': False}"
13,1203862486,https://api.github.com/repos/pandas-dev/pandas/issues/46772,https://api.github.com/repos/pandas-dev/pandas,https://api.github.com/repos/pandas-dev/pandas/issues/46772/labels{/name},"{'login': 'joseortiz3', 'id': 18585219, 'node_id': 'MDQ6VXNlcjE4NTg1MjE5', 'avatar_url': 'https://avatars.githubusercontent.com/u/18585219?v=4', 'gravatar_id': '', 'url': 'https://api.github.com/users/joseortiz3', 'html_url': 'https://github.com/joseortiz3', 'followers_url': 'https://api.github.com/users/joseortiz3/followers', 'following_url': 'https://api.github.com/users/joseortiz3/following{/other_user}', 'gists_url': 'https://api.github.com/users/joseortiz3/gists{/gist_id}', 'starred_url': 'https://api.github.com/users/joseortiz3/starred{/owner}{/repo}', 'subscriptions_url': 'https://api.github.com/users/joseortiz3/subscriptions', 'organizations_url': 'https://api.github.com/users/joseortiz3/orgs', 'repos_url': 'https://api.github.com/users/joseortiz3/repos', 'events_url': 'https://api.github.com/users/joseortiz3/events{/privacy}', 'received_events_url': 'https://api.github.com/users/joseortiz3/received_events', 'type': 'User', 'site_admin': False}"
14,1203768268,https://api.github.com/repos/pandas-dev/pandas/issues/46771,https://api.github.com/repos/pandas-dev/pandas,https://api.github.com/repos/pandas-dev/pandas/issues/46771/labels{/name},"{'login': 'ma3da', 'id': 34522496, 'node_id': 'MDQ6VXNlcjM0NTIyNDk2', 'avatar_url': 'https://avatars.githubusercontent.com/u/34522496?v=4', 'gravatar_id': '', 'url': 'https://api.github.com/users/ma3da', 'html_url': 'https://github.com/ma3da', 'followers_url': 'https://api.github.com/users/ma3da/followers', 'following_url': 'https://api.github.com/users/ma3da/following{/other_user}', 'gists_url': 'https://api.github.com/users/ma3da/gists{/gist_id}', 'starred_url': 'https://api.github.com/users/ma3da/starred{/owner}{/repo}', 'subscriptions_url': 'https://api.github.com/users/ma3da/subscriptions', 'organizations_url': 'https://api.github.com/users/ma3da/orgs', 'repos_url': 'https://api.github.com/users/ma3da/repos', 'events_url': 'https://api.github.com/users/ma3da/events{/privacy}', 'received_events_url': 'https://api.github.com/users/ma3da/received_events', 'type': 'User', 'site_admin': False}"
15,1203632158,https://api.github.com/repos/pandas-dev/pandas/issues/46770,https://api.github.com/repos/pandas-dev/pandas,https://api.github.com/repos/pandas-dev/pandas/issues/46770/labels{/name},"{'login': 'kwhkim', 'id': 4476168, 'node_id': 'MDQ6VXNlcjQ0NzYxNjg=', 'avatar_url': 'https://avatars.githubusercontent.com/u/4476168?v=4', 'gravatar_id': '', 'url': 'https://api.github.com/users/kwhkim', 'html_url': 'https://github.com/kwhkim', 'followers_url': 'https://api.github.com/users/kwhkim/followers', 'following_url': 'https://api.github.com/users/kwhkim/following{/other_user}', 'gists_url': 'https://api.github.com/users/kwhkim/gists{/gist_id}', 'starred_url': 'https://api.github.com/users/kwhkim/starred{/owner}{/repo}', 'subscriptions_url': 'https://api.github.com/users/kwhkim/subscriptions', 'organizations_url': 'https://api.github.com/users/kwhkim/orgs', 'repos_url': 'https://api.github.com/users/kwhkim/repos', 'events_url': 'https://api.github.com/users/kwhkim/events{/privacy}', 'received_events_url': 'https://api.github.com/users/kwhkim/received_events', 'type': 'User', 'site_admin': False}"
16,1203606102,https://api.github.com/repos/pandas-dev/pandas/issues/46769,https://api.github.com/repos/pandas-dev/pandas,https://api.github.com/repos/pandas-dev/pandas/issues/46769/labels{/name},"{'login': 'galipremsagar', 'id': 11664259, 'node_id': 'MDQ6VXNlcjExNjY0MjU5', 'avatar_url': 'https://avatars.githubusercontent.com/u/11664259?v=4', 'gravatar_id': '', 'url': 'https://api.github.com/users/galipremsagar', 'html_url': 'https://github.com/galipremsagar', 'followers_url': 'https://api.github.com/users/galipremsagar/followers', 'following_url': 'https://api.github.com/users/galipremsagar/following{/other_user}', 'gists_url': 'https://api.github.com/users/galipremsagar/gists{/gist_id}', 'starred_url': 'https://api.github.com/users/galipremsagar/starred{/owner}{/repo}', 'subscriptions_url': 'https://api.github.com/users/galipremsagar/subscriptions', 'organizations_url': 'https://api.github.com/users/galipremsagar/orgs', 'repos_url': 'https://api.github.com/users/galipremsagar/repos', 'events_url': 'https://api.github.com/users/galipremsagar/events{/privacy}', 'received_events_url': 'https://api.github.com/users/galipremsagar/received_events', 'type': 'User', 'site_admin': False}"
17,1203529564,https://api.github.com/repos/pandas-dev/pandas/issues/46768,https://api.github.com/repos/pandas-dev/pandas,https://api.github.com/repos/pandas-dev/pandas/issues/46768/labels{/name},"{'login': 'Dr-Irv', 'id': 15113894, 'node_id': 'MDQ6VXNlcjE1MTEzODk0', 'avatar_url': 'https://avatars.githubusercontent.com/u/15113894?v=4', 'gravatar_id': '', 'url': 'https://api.github.com/users/Dr-Irv', 'html_url': 'https://github.com/Dr-Irv', 'followers_url': 'https://api.github.com/users/Dr-Irv/followers', 'following_url': 'https://api.github.com/users/Dr-Irv/following{/other_user}', 'gists_url': 'https://api.github.com/users/Dr-Irv/gists{/gist_id}', 'starred_url': 'https://api.github.com/users/Dr-Irv/starred{/owner}{/repo}', 'subscriptions_url': 'https://api.github.com/users/Dr-Irv/subscriptions', 'organizations_url': 'https://api.github.com/users/Dr-Irv/orgs', 'repos_url': 'https://api.github.com/users/Dr-Irv/repos', 'events_url': 'https://api.github.com/users/Dr-Irv/events{/privacy}', 'received_events_url': 'https://api.github.com/users/Dr-Irv/received_events', 'type': 'User', 'site_admin': False}"
18,1203443826,https://api.github.com/repos/pandas-dev/pandas/issues/46766,https://api.github.com/repos/pandas-dev/pandas,https://api.github.com/repos/pandas-dev/pandas/issues/46766/labels{/name},"{'login': 'Moisan', 'id': 31669, 'node_id': 'MDQ6VXNlcjMxNjY5', 'avatar_url': 'https://avatars.githubusercontent.com/u/31669?v=4', 'gravatar_id': '', 'url': 'https://api.github.com/users/Moisan', 'html_url': 'https://github.com/Moisan', 'followers_url': 'https://api.github.com/users/Moisan/followers', 'following_url': 'https://api.github.com/users/Moisan/following{/other_user}', 'gists_url': 'https://api.github.com/users/Moisan/gists{/gist_id}', 'starred_url': 'https://api.github.com/users/Moisan/starred{/owner}{/repo}', 'subscriptions_url': 'https://api.github.com/users/Moisan/subscriptions', 'organizations_url': 'https://api.github.com/users/Moisan/orgs', 'repos_url': 'https://api.github.com/users/Moisan/repos', 'events_url': 'https://api.github.com/users/Moisan/events{/privacy}', 'received_events_url': 'https://api.github.com/users/Moisan/received_events', 'type': 'User', 'site_admin': False}"
19,1203409750,https://api.github.com/repos/pandas-dev/pandas/issues/46765,https://api.github.com/repos/pandas-dev/pandas,https://api.github.com/repos/pandas-dev/pandas/issues/46765/labels{/name},"{'login': 'maalgorium', 'id': 18078278, 'node_id': 'MDQ6VXNlcjE4MDc4Mjc4', 'avatar_url': 'https://avatars.githubusercontent.com/u/18078278?v=4', 'gravatar_id': '', 'url': 'https://api.github.com/users/maalgorium', 'html_url': 'https://github.com/maalgorium', 'followers_url': 'https://api.github.com/users/maalgorium/followers', 'following_url': 'https://api.github.com/users/maalgorium/following{/other_user}', 'gists_url': 'https://api.github.com/users/maalgorium/gists{/gist_id}', 'starred_url': 'https://api.github.com/users/maalgorium/starred{/owner}{/repo}', 'subscriptions_url': 'https://api.github.com/users/maalgorium/subscriptions', 'organizations_url': 'https://api.github.com/users/maalgorium/orgs', 'repos_url': 'https://api.github.com/users/maalgorium/repos', 'events_url': 'https://api.github.com/users/maalgorium/events{/privacy}', 'received_events_url': 'https://api.github.com/users/maalgorium/received_events', 'type': 'User', 'site_admin': False}"
20,1203095324,https://api.github.com/repos/pandas-dev/pandas/issues/46764,https://api.github.com/repos/pandas-dev/pandas,https://api.github.com/repos/pandas-dev/pandas/issues/46764/labels{/name},"{'login': 'andreareina', 'id': 5351947, 'node_id': 'MDQ6VXNlcjUzNTE5NDc=', 'avatar_url': 'https://avatars.githubusercontent.com/u/5351947?v=4', 'gravatar_id': '', 'url': 'https://api.github.com/users/andreareina', 'html_url': 'https://github.com/andreareina', 'followers_url': 'https://api.github.com/users/andreareina/followers', 'following_url': 'https://api.github.com/users/andreareina/following{/other_user}', 'gists_url': 'https://api.github.com/users/andreareina/gists{/gist_id}', 'starred_url': 'https://api.github.com/users/andreareina/starred{/owner}{/repo}', 'subscriptions_url': 'https://api.github.com/users/andreareina/subscriptions', 'organizations_url': 'https://api.github.com/users/andreareina/orgs', 'repos_url': 'https://api.github.com/users/andreareina/repos', 'events_url': 'https://api.github.com/users/andreareina/events{/privacy}', 'received_events_url': 'https://api.github.com/users/andreareina/received_events', 'type': 'User', 'site_admin': False}"
21,1203080465,https://api.github.com/repos/pandas-dev/pandas/issues/46763,https://api.github.com/repos/pandas-dev/pandas,https://api.github.com/repos/pandas-dev/pandas/issues/46763/labels{/name},"{'login': 'douglas-raillard-arm', 'id': 23336875, 'node_id': 'MDQ6VXNlcjIzMzM2ODc1', 'avatar_url': 'https://avatars.githubusercontent.com/u/23336875?v=4', 'gravatar_id': '', 'url': 'https://api.github.com/users/douglas-raillard-arm', 'html_url': 'https://github.com/douglas-raillard-arm', 'followers_url': 'https://api.github.com/users/douglas-raillard-arm/followers', 'following_url': 'https://api.github.com/users/douglas-raillard-arm/following{/other_user}', 'gists_url': 'https://api.github.com/users/douglas-raillard-arm/gists{/gist_id}', 'starred_url': 'https://api.github.com/users/douglas-raillard-arm/starred{/owner}{/repo}', 'subscriptions_url': 'https://api.github.com/users/douglas-raillard-arm/subscriptions', 'organizations_url': 'https://api.github.com/users/douglas-raillard-arm/orgs', 'repos_url': 'https://api.github.com/users/douglas-raillard-arm/repos', 'events_url': 'https://api.github.com/users/douglas-raillard-arm/events{/privacy}', 'received_events_url': 'https://api.github.com/users/douglas-raillard-arm/received_events', 'type': 'User', 'site_admin': False}"
22,1202686797,https://api.github.com/repos/pandas-dev/pandas/issues/46761,https://api.github.com/repos/pandas-dev/pandas,https://api.github.com/repos/pandas-dev/pandas/issues/46761/labels{/name},"{'login': 'Dr-Irv', 'id': 15113894, 'node_id': 'MDQ6VXNlcjE1MTEzODk0', 'avatar_url': 'https://avatars.githubusercontent.com/u/15113894?v=4', 'gravatar_id': '', 'url': 'https://api.github.com/users/Dr-Irv', 'html_url': 'https://github.com/Dr-Irv', 'followers_url': 'https://api.github.com/users/Dr-Irv/followers', 'following_url': 'https://api.github.com/users/Dr-Irv/following{/other_user}', 'gists_url': 'https://api.github.com/users/Dr-Irv/gists{/gist_id}', 'starred_url': 'https://api.github.com/users/Dr-Irv/starred{/owner}{/repo}', 'subscriptions_url': 'https://api.github.com/users/Dr-Irv/subscriptions', 'organizations_url': 'https://api.github.com/users/Dr-Irv/orgs', 'repos_url': 'https://api.github.com/users/Dr-Irv/repos', 'events_url': 'https://api.github.com/users/Dr-Irv/events{/privacy}', 'received_events_url': 'https://api.github.com/users/Dr-Irv/received_events', 'type': 'User', 'site_admin': False}"
23,1202629814,https://api.github.com/repos/pandas-dev/pandas/issues/46760,https://api.github.com/repos/pandas-dev/pandas,https://api.github.com/repos/pandas-dev/pandas/issues/46760/labels{/name},"{'login': 'joseortiz3', 'id': 18585219, 'node_id': 'MDQ6VXNlcjE4NTg1MjE5', 'avatar_url': 'https://avatars.githubusercontent.com/u/18585219?v=4', 'gravatar_id': '', 'url': 'https://api.github.com/users/joseortiz3', 'html_url': 'https://github.com/joseortiz3', 'followers_url': 'https://api.github.com/users/joseortiz3/followers', 'following_url': 'https://api.github.com/users/joseortiz3/following{/other_user}', 'gists_url': 'https://api.github.com/users/joseortiz3/gists{/gist_id}', 'starred_url': 'https://api.github.com/users/joseortiz3/starred{/owner}{/repo}', 'subscriptions_url': 'https://api.github.com/users/joseortiz3/subscriptions', 'organizations_url': 'https://api.github.com/users/joseortiz3/orgs', 'repos_url': 'https://api.github.com/users/joseortiz3/repos', 'events_url': 'https://api.github.com/users/joseortiz3/events{/privacy}', 'received_events_url': 'https://api.github.com/users/joseortiz3/received_events', 'type': 'User', 'site_admin': False}"
24,1202397187,https://api.github.com/repos/pandas-dev/pandas/issues/46759,https://api.github.com/repos/pandas-dev/pandas,https://api.github.com/repos/pandas-dev/pandas/issues/46759/labels{/name},"{'login': 'smarie', 'id': 3236794, 'node_id': 'MDQ6VXNlcjMyMzY3OTQ=', 'avatar_url': 'https://avatars.githubusercontent.com/u/3236794?v=4', 'gravatar_id': '', 'url': 'https://api.github.com/users/smarie', 'html_url': 'https://github.com/smarie', 'followers_url': 'https://api.github.com/users/smarie/followers', 'following_url': 'https://api.github.com/users/smarie/following{/other_user}', 'gists_url': 'https://api.github.com/users/smarie/gists{/gist_id}', 'starred_url': 'https://api.github.com/users/smarie/starred{/owner}{/repo}', 'subscriptions_url': 'https://api.github.com/users/smarie/subscriptions', 'organizations_url': 'https://api.github.com/users/smarie/orgs', 'repos_url': 'https://api.github.com/users/smarie/repos', 'events_url': 'https://api.github.com/users/smarie/events{/privacy}', 'received_events_url': 'https://api.github.com/users/smarie/received_events', 'type': 'User', 'site_admin': False}"
25,1202186120,https://api.github.com/repos/pandas-dev/pandas/issues/46755,https://api.github.com/repos/pandas-dev/pandas,https://api.github.com/repos/pandas-dev/pandas/issues/46755/labels{/name},"{'login': 'gwerbin', 'id': 5758789, 'node_id': 'MDQ6VXNlcjU3NTg3ODk=', 'avatar_url': 'https://avatars.githubusercontent.com/u/5758789?v=4', 'gravatar_id': '', 'url': 'https://api.github.com/users/gwerbin', 'html_url': 'https://github.com/gwerbin', 'followers_url': 'https://api.github.com/users/gwerbin/followers', 'following_url': 'https://api.github.com/users/gwerbin/following{/other_user}', 'gists_url': 'https://api.github.com/users/gwerbin/gists{/gist_id}', 'starred_url': 'https://api.github.com/users/gwerbin/starred{/owner}{/repo}', 'subscriptions_url': 'https://api.github.com/users/gwerbin/subscriptions', 'organizations_url': 'https://api.github.com/users/gwerbin/orgs', 'repos_url': 'https://api.github.com/users/gwerbin/repos', 'events_url': 'https://api.github.com/users/gwerbin/events{/privacy}', 'received_events_url': 'https://api.github.com/users/gwerbin/received_events', 'type': 'User', 'site_admin': False}"
26,1202037868,https://api.github.com/repos/pandas-dev/pandas/issues/46754,https://api.github.com/repos/pandas-dev/pandas,https://api.github.com/repos/pandas-dev/pandas/issues/46754/labels{/name},"{'login': 'NickCrews', 'id': 10820686, 'node_id': 'MDQ6VXNlcjEwODIwNjg2', 'avatar_url': 'https://avatars.githubusercontent.com/u/10820686?v=4', 'gravatar_id': '', 'url': 'https://api.github.com/users/NickCrews', 'html_url': 'https://github.com/NickCrews', 'followers_url': 'https://api.github.com/users/NickCrews/followers', 'following_url': 'https://api.github.com/users/NickCrews/following{/other_user}', 'gists_url': 'https://api.github.com/users/NickCrews/gists{/gist_id}', 'starred_url': 'https://api.github.com/users/NickCrews/starred{/owner}{/repo}', 'subscriptions_url': 'https://api.github.com/users/NickCrews/subscriptions', 'organizations_url': 'https://api.github.com/users/NickCrews/orgs', 'repos_url': 'https://api.github.com/users/NickCrews/repos', 'events_url': 'https://api.github.com/users/NickCrews/events{/privacy}', 'received_events_url': 'https://api.github.com/users/NickCrews/received_events', 'type': 'User', 'site_admin': False}"
27,1201795845,https://api.github.com/repos/pandas-dev/pandas/issues/46752,https://api.github.com/repos/pandas-dev/pandas,https://api.github.com/repos/pandas-dev/pandas/issues/46752/labels{/name},"{'login': 'RogerThomas', 'id': 3211163, 'node_id': 'MDQ6VXNlcjMyMTExNjM=', 'avatar_url': 'https://avatars.githubusercontent.com/u/3211163?v=4', 'gravatar_id': '', 'url': 'https://api.github.com/users/RogerThomas', 'html_url': 'https://github.com/RogerThomas', 'followers_url': 'https://api.github.com/users/RogerThomas/followers', 'following_url': 'https://api.github.com/users/RogerThomas/following{/other_user}', 'gists_url': 'https://api.github.com/users/RogerThomas/gists{/gist_id}', 'starred_url': 'https://api.github.com/users/RogerThomas/starred{/owner}{/repo}', 'subscriptions_url': 'https://api.github.com/users/RogerThomas/subscriptions', 'organizations_url': 'https://api.github.com/users/RogerThomas/orgs', 'repos_url': 'https://api.github.com/users/RogerThomas/repos', 'events_url': 'https://api.github.com/users/RogerThomas/events{/privacy}', 'received_events_url': 'https://api.github.com/users/RogerThomas/received_events', 'type': 'User', 'site_admin': False}"
28,1201790266,https://api.github.com/repos/pandas-dev/pandas/issues/46751,https://api.github.com/repos/pandas-dev/pandas,https://api.github.com/repos/pandas-dev/pandas/issues/46751/labels{/name},"{'login': 'RogerThomas', 'id': 3211163, 'node_id': 'MDQ6VXNlcjMyMTExNjM=', 'avatar_url': 'https://avatars.githubusercontent.com/u/3211163?v=4', 'gravatar_id': '', 'url': 'https://api.github.com/users/RogerThomas', 'html_url': 'https://github.com/RogerThomas', 'followers_url': 'https://api.github.com/users/RogerThomas/followers', 'following_url': 'https://api.github.com/users/RogerThomas/following{/other_user}', 'gists_url': 'https://api.github.com/users/RogerThomas/gists{/gist_id}', 'starred_url': 'https://api.github.com/users/RogerThomas/starred{/owner}{/repo}', 'subscriptions_url': 'https://api.github.com/users/RogerThomas/subscriptions', 'organizations_url': 'https://api.github.com/users/RogerThomas/orgs', 'repos_url': 'https://api.github.com/users/RogerThomas/repos', 'events_url': 'https://api.github.com/users/RogerThomas/events{/privacy}', 'received_events_url': 'https://api.github.com/users/RogerThomas/received_events', 'type': 'User', 'site_admin': False}"
29,1201718237,https://api.github.com/repos/pandas-dev/pandas/issues/46750,https://api.github.com/repos/pandas-dev/pandas,https://api.github.com/repos/pandas-dev/pandas/issues/46750/labels{/name},"{'login': 'cmjcharlton', 'id': 90400333, 'node_id': 'MDQ6VXNlcjkwNDAwMzMz', 'avatar_url': 'https://avatars.githubusercontent.com/u/90400333?v=4', 'gravatar_id': '', 'url': 'https://api.github.com/users/cmjcharlton', 'html_url': 'https://github.com/cmjcharlton', 'followers_url': 'https://api.github.com/users/cmjcharlton/followers', 'following_url': 'https://api.github.com/users/cmjcharlton/following{/other_user}', 'gists_url': 'https://api.github.com/users/cmjcharlton/gists{/gist_id}', 'starred_url': 'https://api.github.com/users/cmjcharlton/starred{/owner}{/repo}', 'subscriptions_url': 'https://api.github.com/users/cmjcharlton/subscriptions', 'organizations_url': 'https://api.github.com/users/cmjcharlton/orgs', 'repos_url': 'https://api.github.com/users/cmjcharlton/repos', 'events_url': 'https://api.github.com/users/cmjcharlton/events{/privacy}', 'received_events_url': 'https://api.github.com/users/cmjcharlton/received_events', 'type': 'User', 'site_admin': False}"
